{"meta": {"format": 3, "version": "7.13.0", "timestamp": "2025-12-27T17:00:04.787492", "branch_coverage": false, "show_contexts": false}, "files": {"cvextract/pipeline.py": {"executed_lines": [1, 9, 11, 12, 13, 14, 15, 16, 18, 19, 20, 21, 22, 23, 24, 28, 35, 36, 37, 38, 39, 40, 42, 44, 45, 46, 47, 51, 53, 54, 55, 56, 57, 58, 59, 60, 61, 63, 69, 70, 73, 74, 77, 78, 79, 81, 82, 84, 85, 87, 88, 89, 90, 94, 95, 96, 97, 98, 99, 100, 102, 104, 105, 106, 107, 109, 111, 112, 114, 116, 117, 119, 121, 123, 125, 126, 127, 128, 129, 130, 131, 135, 136, 137, 138, 140, 142, 143, 144, 146, 147, 148, 149, 151, 153, 154, 156, 157, 158, 159, 161, 162, 167, 169, 170, 171, 172, 173, 174, 175, 176, 178, 179, 181, 182, 185, 186, 187, 188, 191, 192, 193, 196, 197, 198, 199, 200, 201, 202, 203, 205, 206, 207, 208, 209, 210, 211, 212, 214, 215, 216, 217, 219, 220, 221, 222, 223, 224, 226, 227, 229, 230, 231, 232, 234, 242, 243, 244, 246, 248, 249, 251, 252, 253, 254, 256, 257, 262, 263, 264, 265, 267, 268, 269, 270, 271, 272, 274, 276, 277, 278, 280, 281, 282, 283, 284, 286, 288, 289, 290, 291, 292, 293, 294, 295, 297, 298, 299, 300, 301, 302, 303, 304, 305, 306, 307, 309, 310, 311, 312, 313, 315, 324, 325, 327, 328, 330, 332, 333, 338], "summary": {"covered_lines": 219, "num_statements": 222, "percent_covered": 98.64864864864865, "percent_covered_display": "99", "missing_lines": 3, "excluded_lines": 0, "percent_statements_covered": 98.64864864864865, "percent_statements_covered_display": "99"}, "missing_lines": [91, 92, 183], "excluded_lines": [], "functions": {"infer_source_root": {"executed_lines": [35, 36, 37, 38, 39, 40], "summary": {"covered_lines": 6, "num_statements": 6, "percent_covered": 100.0, "percent_covered_display": "100", "missing_lines": 0, "excluded_lines": 0, "percent_statements_covered": 100.0, "percent_statements_covered_display": "100"}, "missing_lines": [], "excluded_lines": []}, "safe_relpath": {"executed_lines": [44, 45, 46, 47], "summary": {"covered_lines": 4, "num_statements": 4, "percent_covered": 100.0, "percent_covered_display": "100", "missing_lines": 0, "excluded_lines": 0, "percent_statements_covered": 100.0, "percent_statements_covered_display": "100"}, "missing_lines": [], "excluded_lines": []}, "_extract_single": {"executed_lines": [53, 54, 55, 56, 57, 58, 59, 60, 61], "summary": {"covered_lines": 9, "num_statements": 9, "percent_covered": 100.0, "percent_covered_display": "100", "missing_lines": 0, "excluded_lines": 0, "percent_statements_covered": 100.0, "percent_statements_covered_display": "100"}, "missing_lines": [], "excluded_lines": []}, "_render_and_verify": {"executed_lines": [69, 70, 73, 74, 77, 78, 79, 81, 82, 84, 85, 87, 88, 89, 90, 94, 95, 96, 97, 98, 99, 100], "summary": {"covered_lines": 22, "num_statements": 24, "percent_covered": 91.66666666666667, "percent_covered_display": "92", "missing_lines": 2, "excluded_lines": 0, "percent_statements_covered": 91.66666666666667, "percent_statements_covered_display": "92"}, "missing_lines": [91, 92], "excluded_lines": []}, "_get_status_icons": {"executed_lines": [104, 105, 106, 107, 109, 111, 112, 114, 116, 117, 119, 121], "summary": {"covered_lines": 12, "num_statements": 12, "percent_covered": 100.0, "percent_covered_display": "100", "missing_lines": 0, "excluded_lines": 0, "percent_statements_covered": 100.0, "percent_statements_covered_display": "100"}, "missing_lines": [], "excluded_lines": []}, "_categorize_result": {"executed_lines": [125, 126, 127, 128, 129, 130, 131], "summary": {"covered_lines": 7, "num_statements": 7, "percent_covered": 100.0, "percent_covered_display": "100", "missing_lines": 0, "excluded_lines": 0, "percent_statements_covered": 100.0, "percent_statements_covered_display": "100"}, "missing_lines": [], "excluded_lines": []}, "run_extract_mode": {"executed_lines": [136, 137, 138, 140, 142, 143, 144, 146, 147, 148, 149, 151, 153, 154, 156, 157, 158, 159, 161, 162, 167], "summary": {"covered_lines": 21, "num_statements": 21, "percent_covered": 100.0, "percent_covered_display": "100", "missing_lines": 0, "excluded_lines": 0, "percent_statements_covered": 100.0, "percent_statements_covered_display": "100"}, "missing_lines": [], "excluded_lines": []}, "run_extract_apply_mode": {"executed_lines": [170, 171, 172, 173, 174, 175, 176, 178, 179, 181, 182, 185, 186, 187, 188, 191, 192, 193, 196, 197, 198, 199, 200, 201, 202, 203, 205, 206, 207, 208, 209, 210, 211, 212, 214, 215, 216, 217, 219, 220, 221, 222, 223, 224, 226, 227, 229, 230, 231, 232, 234, 242, 243, 244, 246, 248, 249, 251, 252, 253, 254, 256, 257, 262, 263, 264, 265], "summary": {"covered_lines": 67, "num_statements": 68, "percent_covered": 98.52941176470588, "percent_covered_display": "99", "missing_lines": 1, "excluded_lines": 0, "percent_statements_covered": 98.52941176470588, "percent_statements_covered_display": "99"}, "missing_lines": [183], "excluded_lines": []}, "run_apply_mode": {"executed_lines": [268, 269, 270, 271, 272, 274, 276, 277, 278, 280, 281, 282, 283, 284, 286, 288, 289, 290, 291, 292, 293, 294, 295, 297, 298, 299, 300, 301, 302, 303, 304, 305, 306, 307, 309, 310, 311, 312, 313, 315, 324, 325, 327, 328, 330, 332, 333, 338], "summary": {"covered_lines": 48, "num_statements": 48, "percent_covered": 100.0, "percent_covered_display": "100", "missing_lines": 0, "excluded_lines": 0, "percent_statements_covered": 100.0, "percent_statements_covered_display": "100"}, "missing_lines": [], "excluded_lines": []}, "": {"executed_lines": [1, 9, 11, 12, 13, 14, 15, 16, 18, 19, 20, 21, 22, 23, 24, 28, 42, 51, 63, 102, 123, 135, 169, 267], "summary": {"covered_lines": 23, "num_statements": 23, "percent_covered": 100.0, "percent_covered_display": "100", "missing_lines": 0, "excluded_lines": 0, "percent_statements_covered": 100.0, "percent_statements_covered_display": "100"}, "missing_lines": [], "excluded_lines": []}}, "classes": {"": {"executed_lines": [1, 9, 11, 12, 13, 14, 15, 16, 18, 19, 20, 21, 22, 23, 24, 28, 35, 36, 37, 38, 39, 40, 42, 44, 45, 46, 47, 51, 53, 54, 55, 56, 57, 58, 59, 60, 61, 63, 69, 70, 73, 74, 77, 78, 79, 81, 82, 84, 85, 87, 88, 89, 90, 94, 95, 96, 97, 98, 99, 100, 102, 104, 105, 106, 107, 109, 111, 112, 114, 116, 117, 119, 121, 123, 125, 126, 127, 128, 129, 130, 131, 135, 136, 137, 138, 140, 142, 143, 144, 146, 147, 148, 149, 151, 153, 154, 156, 157, 158, 159, 161, 162, 167, 169, 170, 171, 172, 173, 174, 175, 176, 178, 179, 181, 182, 185, 186, 187, 188, 191, 192, 193, 196, 197, 198, 199, 200, 201, 202, 203, 205, 206, 207, 208, 209, 210, 211, 212, 214, 215, 216, 217, 219, 220, 221, 222, 223, 224, 226, 227, 229, 230, 231, 232, 234, 242, 243, 244, 246, 248, 249, 251, 252, 253, 254, 256, 257, 262, 263, 264, 265, 267, 268, 269, 270, 271, 272, 274, 276, 277, 278, 280, 281, 282, 283, 284, 286, 288, 289, 290, 291, 292, 293, 294, 295, 297, 298, 299, 300, 301, 302, 303, 304, 305, 306, 307, 309, 310, 311, 312, 313, 315, 324, 325, 327, 328, 330, 332, 333, 338], "summary": {"covered_lines": 219, "num_statements": 222, "percent_covered": 98.64864864864865, "percent_covered_display": "99", "missing_lines": 3, "excluded_lines": 0, "percent_statements_covered": 98.64864864864865, "percent_statements_covered_display": "99"}, "missing_lines": [91, 92, 183], "excluded_lines": []}}}}, "totals": {"covered_lines": 219, "num_statements": 222, "percent_covered": 98.64864864864865, "percent_covered_display": "99", "missing_lines": 3, "excluded_lines": 0, "percent_statements_covered": 98.64864864864865, "percent_statements_covered_display": "99"}}